title,link,description,bloggername,bloggerlink,postdate
포스코DX 주가 전망｜아마존 <b>AWS</b> 동맹 후 실적발표가 말해준... ,https://blog.naver.com/press02/224006850238,"포스코DX 주가 전망, 아마존 <b>AWS</b> 협력 이후 달라진 흐름을 짚어봅니다. 2분기 실적발표와 차트분석... 아마존 <b>AWS</b>와 손잡은 포스코DX가 현장 엔지니어의 손을 덜어주는 AI 엔지니어 에이전트와 PLC 코파일럿을... ",재미진 저널리스트의 금융탐구생활,blog.naver.com/press02,20250914
클라우드 컴퓨팅 개요: <b>AWS</b> vs Azure vs GCP 비교,https://blog.naver.com/sanjose700/224019863082,"클라우드 컴퓨팅 개요: <b>AWS</b> vs Azure vs GCP 비교  안녕하세요! 오늘은 많은 기업과 개인 개발자들이... 특히 전 세계적으로 가장 많이 사용되는 대표 클라우드 서비스인 <b>AWS</b>, Azure, GCP를 비교하면서 각각의... ",전사랑 전통부침개 전문점,blog.naver.com/sanjose700,20250924
인프라 엔지니어 <b>AWS</b> 학원 교육 정보,https://blog.naver.com/sunsun0621/223934783098,그중에서도 <b>AWS</b>는 기업에서 가장 많이 쓰는 클라우드 플랫폼이다 보니 사실상 기본 소양처럼 여겨지고 있죠. 따라서 오늘은 인프라 엔지니어로 취업하기 위한 기술과 더불어 클라우드 <b>AWS</b> 학원 과정에 대해... ,즐겨찾기,blog.naver.com/sunsun0621,20250715
"현대제철 주가, <b>AWS</b> 협약 후 폭등... 앞으로 전망은?",https://blog.naver.com/blueshw/223921084849,"첫 번째는 <b>AWS</b>와의 전략적 협약 체결이다. <b>AWS</b>는 무슨 제철소와도 협력 체계를 구축한다. 내용을 보면 다음과 같다. 현대제철이 <b>AWS</b>의 아시아 태평양 데이터센터에, 탄소 저감 철강재를 공급하기로 한 것이다.... ",보노의 투자 생존기,blog.naver.com/blueshw,20250704
<b>AWS</b> 도입전 확인할 국내 클라우드 서버 가비아 요금 비교 분석,https://blog.naver.com/flythfk2/223921702902,"공식 자료에 따르면 <b>AWS</b> 등 글로벌 클라우드 서비스와 비교했을 때 최대 61%까지 낮은 요금으로 동일한 사양의 가상 서버(VM)를 사용할 수 있습니다. 특히 최근처럼 환율이 변동성이 큰 시기에는, <b>AWS</b>, Azure와 같은... ",마케팅 브랜딩 전문가 새벽리더,blog.naver.com/flythfk2,20250704
<b>AWS</b> 해외 클라우드 서비스 컴퓨팅 대비 요금 좋은 가비아 사용... ,https://blog.naver.com/kensan21/223928094972,"<b>AWS</b> 같은 해외 클라우드 서버와 비교했을 때 어떤 장점들이 있는지, 그리고 왜 많은 기업이 주목하는지... 있다면, <b>AWS</b> 같은 해외 서비스 외에도 이렇게 훌륭한 국내 클라우드 서비스가 있다는 점을 꼭 기억해... ",경제와 IT 정보를 한번에 머니잇,blog.naver.com/kensan21,20250710
철강주 현대제철 · 포스코홀딩스 주가 반등 - <b>AWS</b> 협약 · 중국... ,https://blog.naver.com/groupgenius/224013812520,"반덤핑 관세, <b>AWS</b> 협약, 그리고 미국 루이지애나 전기로 제철소 건설까지 굵직한 뉴스가 연달아... <b>AWS</b> 협약 – 철강과 클라우드의 만남 올해 7월, 현대제철은 <b>AWS</b>와 전략적 협약을 맺었다. 핵심 내용은 <b>AWS</b>... ",MOIRA 역발상 투자 실험실,blog.naver.com/groupgenius,20250920
<b>AWS</b> 네이버 NHN 가비아 클라우드 서비스 서버 가격 비교,https://blog.naver.com/oksk2002kr/223941501688,"한번이라도 <b>AWS</b> 클라우드 등 해외 플랫폼을 써본 경험이 있다면 공감하실 내용인데요. 처음에는 &quot;이... 단순히 <b>AWS</b> 가격 보다 저렴하다는 이유만으로 주목받는 것이 아닙니다 서비스 품질은 유지하면서, 비용... ",티보의 IT 자동차 리뷰 공작소,blog.naver.com/oksk2002kr,20250721
<b>AWS</b> 해외 클라우드 서버 비용 부담 가비아로 해결,https://blog.naver.com/heung213/223928584787,"혹시 저처럼 <b>AWS</b> 클라우드 서버를 사용하다가 예상치 못한 지출에 깜짝 놀란 경험 있으신가요? 저는 한... 많은 기업들이 <b>AWS</b>, 클라우드 서비스를 이용하면서 비슷한 고민을 하고 있을 텐데요. 특히 해외... ","흥사마의 IT 리뷰, 뷰티, 일상, 키덜트 Story",blog.naver.com/heung213,20250710
<b>AWS</b> 클라우드 서비스 컴퓨팅 트렌드와 국비지원 가이드,https://blog.naver.com/ekfgo95/223941744612,"① <b>AWS</b> (Amazon Web Services) 글로벌 시장 점유율 1위를 차지하는 아마존의 <b>AWS</b>는 다양한 기능을 갖춘 플랫폼으로, 유연한 가격 정책과 확장성이 강점입니다. ② Microsoft Azure 윈도우 기반 시스템과의 호환성이... ",일리야 라이프스타일,blog.naver.com/ekfgo95,20250721
<b>AWS</b>학원 국비지원 수강하면 취업 준비 끝!,https://blog.naver.com/smgong00/223927785836,"특히 기업들이 가장 많이 사용하는 게 <b>AWS</b>, 아마존 웹 서비스예요. 그러다 보니 요즘 사람들 이렇게 검색을 하고 있어요. &quot;<b>AWS</b>학원 어디가 좋아요?&quot; &quot;비전공자도 다닐 수 있는 <b>AWS</b>학원 있을까요?&quot; 혹시 여러분도 그중... ",지혜를 여는 부엉이상점,blog.naver.com/smgong00,20250709
<b>AWS</b> 가비아 클라우드 서비스 추천 서버 가격 비교,https://blog.naver.com/itexpert/223941312644,<b>AWS</b> 가비아 클라우드 서비스 추천 서버 가격 비교해보니 안녕하세요. 아전입니다. 요즘 클라우드 서비스 선택 고민하시는 분들 많으실 텐데요. <b>AWS</b>란 뭔지부터 시작해서 국산 클라우드도 괜찮을까? 하는 생각... ,클릭하기 좋은 IT,blog.naver.com/itexpert,20250721
"국비지원, 비전공자 IT취업, <b>AWS</b> 입사, 클라우드 보안(HIWARE... ",https://blog.naver.com/kohbaby/223974586507,"불어 전공 문과생, 지금은 <b>AWS</b> 엔지니어? 한국정보교육원 &quot;HIWARE로 완성하는 클라우드 IT 인프라... 그랬던 그가 지금은 Amazone Web Service(<b>AWS</b>) 데이터 센터의 엔지니어로 근무하고 있습니다. 무엇이 이런 놀라운... ",이솔렛님의 블로그,blog.naver.com/kohbaby,20250818
"<b>AWS</b>학원 :: 클라우드 역량 탑재 Docker(도커), K8S",https://blog.naver.com/wlsgh3507/224001344438,"오늘은 <b>AWS</b>(Amazon Web Services)라는 전 세계 1위 클라우드 플랫폼에 대해서 알아봅니다. 또한 Docker, K8S... 등 ▼ (<b>AWS</b>학원) [공식홈페이지/국비지원] [교육과정/시간대알아보기] 1. <b>AWS</b>와 Docker, K8S 각 기능과... ","THATZ WHAT I LIKE_내가 좋아하는, 삶",blog.naver.com/wlsgh3507,20250909
클라우드 컴퓨팅 개요: <b>AWS</b> vs Azure vs GCP,https://blog.naver.com/sanjose700/224010311481,"☁️ 클라우드 컴퓨팅 개요: <b>AWS</b> vs Azure vs GCP 오늘날 IT 인프라는 온프레미스(자체 서버)에서... 이때 가장 많이 언급되는 서비스가 바로 <b>AWS</b>, Microsoft Azure, Google Cloud Platform(GCP)입니다. 이번... ",전사랑 전통부침개 전문점,blog.naver.com/sanjose700,20250917
[정보보안학원]<b>AWS</b>클라우드 보안프로젝트 국비훈련,https://blog.naver.com/s-t-a-r-t/223992212364,"특히 <b>AWS</b> 클라우드 환경이 빠르게 확산되면서, 전통적인 보안 지식만으로는 부족하고 클라우드 특화... <b>AWS</b> 클라우드 프로젝트 단순 이론이 아닌 실제 <b>AWS</b> 클라우드 환경에서 보안 설정과 취약점 진단... ",진로 적성 상담 및 추천,blog.naver.com/s-t-a-r-t,20250902
"7조 쏟아붓는 SK-<b>AWS</b>... AI 데이터센터 관련주, 딱... ",https://blog.naver.com/blueshw/223914850867,7조원 쏟아붓는다는 SK AI 데이터센터 <b>AWS</b>가 SK그룹과 손잡고 울산에 대규모 AI 데이터센터를... 지금까지 <b>AWS</b>-SK의 울산 AI 데이터센터 프로젝트에 대해 알아보았다. 이번 프로젝트는 단순 테마가 아니다.... ,보노의 투자 생존기,blog.naver.com/blueshw,20250628
<b>aws</b> 클라우드 자격증 교육 실무까지 제대로!,https://blog.naver.com/sunsun0621/223894834660,정도로 <b>AWS</b> 자격증에 대한 관심이 급격히 늘었거든요. 수많은 서비스와 데이터들이 전부 클라우드로 올라가면서 그걸 설계하고 운영할 줄 아는 사람에 대한 수요가 실제로 늘고 있는 거죠. 그래서 오늘은 <b>aws</b>... ,즐겨찾기,blog.naver.com/sunsun0621,20250610
"㈜레듀텍, <b>AWS</b> 기술 블로그에 소개된 AI 기반 독서 교육... ",https://blog.naver.com/readingocean0228/223982928794,세계적 기업 아마존의 서비스 그룹 <b>AWS</b>의 기술블로그에 저희 (주)레듀텍이 노미네이트되었습니다. 국내 국어 및 독서교육 기업중에는 최초 사례입니다. ※ <b>AWS</b> = 아마존이 운영하는 세계 최대의 클라우드... ,문해력을 프로그래밍하다.,blog.naver.com/readingocean0228,20250825
<b>AWS</b> AI Practitioner 독학 및 시험 후기,https://blog.naver.com/jjang_ina/224012214801,<b>AWS</b> Cloud Practitioner에 이은 두번째 <b>AWS</b> 자격증 취득~~!!!! 풍악을 울려라~~~~~~~ 아뉘~~~~ 이번엔 AI Practitioner는 떨어지는 줄 알았다구요 징짜~ 무사히 취득하게 되어 정말 기쁘다!!!!!!! 크~~~ <b>AWS</b>는 자격증... ,#짱이나의 짱신나는 BLOG,blog.naver.com/jjang_ina,20250918
